url_path,views_total,views_unique
/legorovers/pirover_simulator/issues/20,5,5
/legorovers/pirover_simulator/issues/33,4,4
/legorovers/pirover_simulator/actions/runs/13709952907,3,3
/legorovers/pirover_simulator/pull/37,3,2
/legorovers/pirover_simulator/pull/37/commits,3,1
/legorovers/pirover_simulator,2,1
/legorovers/pirover_simulator/pull/25,1,1
/legorovers/pirover_simulator/pull/37/commits/f62e342a9865315108a8b719283b4f5699483899,1,1
/legorovers/pirover_simulator/pull/37/commits/f68139d4a1e3576e086a748a8fef17cea5d070aa,1,1
/legorovers/pirover_simulator/pull/37/files,1,1
